Fertilizer Name,Approved (Yes/No),Price (??/50kg)
Urea,Yes,242
DAP,Yes,1350
NPK 20:20:0,Yes,1300
Nano DAP 500 ML,Yes,600
SSP (Single Super Phosphate),Yes,420
MOP (Muriate of Potash),Yes,980
Urea (MCF),Yes,276.12
Urea (RCF),Yes,276.12
Urea (KRIBHCO),Yes,276.12
Urea (CFL),Yes,276.12
Urea (ZUARI),Yes,276.12
Urea (SPIC),Yes,278.51
Urea (MFL),Yes,278.88
Complex NPK 20:20:0:0,Yes,466.93
Complex NPK 16:16:16,Yes,368.7
TSP (Triple Super Phosphate),Yes,418.6
Ammonium Phosphate Sulphate 20:20:0:13,Yes,368.94
Ammonium Chloride 25.0,Yes,0
Complex NPK 12:32:16,Yes,588
Complex NPK 20:20:0:0,Yes,525
DAP 18:46:00,Yes,1222.5
MAP 11:52:00,Yes,910
Potassium Chloride (MOP) K.60.0,Yes,872
SSP 16.0,Yes,262.58
Ammonium Phosphate Sulphate 20:20:0:13,Yes,859.79
Ammonium Phosphate Sulphate 20:20:0:13,Yes,740
Ammonium Phosphate Sulphate 20:20:0:13,Yes,950
Ammonium Phosphate Sulphate 20:20:0:13,Yes,934
Ammonium Phosphate Sulphate 20:20:0:13,Yes,958.86
Complex NPK 20:20:0:0,Yes,700
Complex NPK 20:20:0:0,Yes,700
Complex NPK 20:20:0:0,Yes,707
Complex NPK 10:26:26,Yes,1111.25
Urea (Ind) 46.0,Yes,270.76
Urea (Ind) 46.0,Yes,270.68
Urea (Ind) 46.0,Yes,270.5
Urea (Ind) 46.0,Yes,270.76
Ammonium Phosphate Sulphate 16:20:0:13,Yes,910
Ammonium Phosphate Sulphate 20:20:0:13,Yes,887.55
Ammonium Phosphate Sulphate 20:20:0:13,Yes,912.8
Complex NPK 15:15:15,Yes,739.5
Complex NPK 20:20:0:0,Yes,770.5
Zinc Sulphate,Yes,1250
Boron Fertilizer (Boric Acid),Yes,1500
Manganese Sulphate,Yes,1400
Copper Sulphate,Yes,1200
Ammonium Sulphate,Yes,550
Calcium Ammonium Nitrate (CAN),Yes,1100
Potassium Nitrate,Yes,1450
Magnesium Sulphate,Yes,1000
Ferrous Sulphate,Yes,900
Ammonium Nitrate,Yes,1250
Mono Ammonium Phosphate (MAP),Yes,1222.5
Super Phosphate,Yes,420
Triple Super Phosphate (TSP),Yes,418.6
NPK 10:26:26,Yes,1111.25
NPK 12:32:16,Yes,588
NPK 16:16:16,Yes,368.7
NPK 20:20:0,Yes,1300
NPK 15:15:15,Yes,739.5
Magnesium Nitrate,Yes,1100
Calcium Nitrate,Yes,1200
Ammonium Sulphate Nitrate,Yes,1050
Humic Acid Fertilizer,Yes,1500
Seaweed Extract Fertilizer,Yes,1300
Potassium Sulphate (SOP),Yes,1400
Rock Phosphate,Yes,800
"Micronutrient Mix (Zn, Mn, B, Cu)",Yes,1500
Magnesium Oxide Fertilizer,Yes,1100
Calcium Sulphate,Yes,900
Iron Chelates,Yes,1800
Borax,Yes,1500
Potassium Magnesium Sulphate,Yes,1300
Ammonium Molybdate,Yes,2000
Sodium Molybdate,Yes,2200
Complex NPK 10:26:26 (CFL),Yes,1111.25
Complex NPK 10:26:26 (ZUARI),Yes,1111.25
Complex NPK 10:26:26 (MCF),Yes,1111.25
Complex NPK 14:35:14 (CFL),Yes,1180
Complex NPK 17:17:17 (MFL),Yes,950
Ammonium Sulphate (20.6%) FACT,Yes,360
DAP Lite (16:44:0),Yes,1180
Urea-SSP Complex (5:15:0:10),Yes,800
Fortified SSP (0:16:0:11S),Yes,420
NPK 11:30:14,Yes,1280
